-- phpMyAdmin SQL Dump
-- version 4.0.6deb1
-- http://www.phpmyadmin.net
--
-- Host: localhost
-- Generation Time: Feb 17, 2014 at 01:31 AM
-- Server version: 5.5.35-0ubuntu0.13.10.2
-- PHP Version: 5.5.3-1ubuntu2.1

SET FOREIGN_KEY_CHECKS=0;
SET SQL_MODE = "NO_AUTO_VALUE_ON_ZERO";
SET time_zone = "+00:00";


/*!40101 SET @OLD_CHARACTER_SET_CLIENT=@@CHARACTER_SET_CLIENT */;
/*!40101 SET @OLD_CHARACTER_SET_RESULTS=@@CHARACTER_SET_RESULTS */;
/*!40101 SET @OLD_COLLATION_CONNECTION=@@COLLATION_CONNECTION */;
/*!40101 SET NAMES utf8 */;

--
-- Database: `dbbarang`
--

--
-- Truncate table before insert `admin`
--

TRUNCATE TABLE `admin`;
--
-- Truncate table before insert `barang_jenis`
--

TRUNCATE TABLE `barang_jenis`;
--
-- Dumping data for table `barang_jenis`
--

INSERT INTO `barang_jenis` (`sid`, `nama_jenis`, `keterangan`) VALUES
('08578e6c-9751-11e3-b885-0026222da8dc', 'jenis 0', 'keterangan jenis 0'),
('0857a4fb-9751-11e3-b885-0026222da8dc', 'jenis 1', 'keterangan jenis 1'),
('0857a590-9751-11e3-b885-0026222da8dc', 'jenis 2', 'keterangan jenis 2'),
('0857a5ef-9751-11e3-b885-0026222da8dc', 'jenis 3', 'keterangan jenis 3'),
('0857a640-9751-11e3-b885-0026222da8dc', 'jenis 4', 'keterangan jenis 4');

--
-- Truncate table before insert `barang_koleksi`
--

TRUNCATE TABLE `barang_koleksi`;
--
-- Dumping data for table `barang_koleksi`
--

INSERT INTO `barang_koleksi` (`sid`, `nama_barang`, `harga`, `stock`, `barang_jenis`, `gambar`) VALUES
('08588f93-9751-11e3-b885-0026222da8dc', 'barang jenis 0 0', 1000, 10, '08578e6c-9751-11e3-b885-0026222da8dc', ''),
('0858a039-9751-11e3-b885-0026222da8dc', 'barang jenis 0 1', 1100, 10, '08578e6c-9751-11e3-b885-0026222da8dc', ''),
('0858a0c5-9751-11e3-b885-0026222da8dc', 'barang jenis 0 2', 1200, 10, '08578e6c-9751-11e3-b885-0026222da8dc', ''),
('0858a11e-9751-11e3-b885-0026222da8dc', 'barang jenis 0 3', 1300, 10, '08578e6c-9751-11e3-b885-0026222da8dc', ''),
('0858a170-9751-11e3-b885-0026222da8dc', 'barang jenis 0 4', 1400, 10, '08578e6c-9751-11e3-b885-0026222da8dc', ''),
('0858a1c2-9751-11e3-b885-0026222da8dc', 'barang jenis 0 5', 1500, 10, '08578e6c-9751-11e3-b885-0026222da8dc', ''),
('0858a215-9751-11e3-b885-0026222da8dc', 'barang jenis 0 6', 1600, 10, '08578e6c-9751-11e3-b885-0026222da8dc', ''),
('0858a269-9751-11e3-b885-0026222da8dc', 'barang jenis 0 7', 1700, 10, '08578e6c-9751-11e3-b885-0026222da8dc', ''),
('0858a2c7-9751-11e3-b885-0026222da8dc', 'barang jenis 0 8', 1800, 10, '08578e6c-9751-11e3-b885-0026222da8dc', ''),
('0858a324-9751-11e3-b885-0026222da8dc', 'barang jenis 0 9', 1900, 10, '08578e6c-9751-11e3-b885-0026222da8dc', ''),
('0858a375-9751-11e3-b885-0026222da8dc', 'barang jenis 0 10', 2000, 10, '08578e6c-9751-11e3-b885-0026222da8dc', ''),
('0858a3ca-9751-11e3-b885-0026222da8dc', 'barang jenis 0 11', 2100, 10, '08578e6c-9751-11e3-b885-0026222da8dc', ''),
('0858a41d-9751-11e3-b885-0026222da8dc', 'barang jenis 0 12', 2200, 10, '08578e6c-9751-11e3-b885-0026222da8dc', ''),
('0858a472-9751-11e3-b885-0026222da8dc', 'barang jenis 0 13', 2300, 10, '08578e6c-9751-11e3-b885-0026222da8dc', ''),
('0858a4c5-9751-11e3-b885-0026222da8dc', 'barang jenis 0 14', 2400, 10, '08578e6c-9751-11e3-b885-0026222da8dc', ''),
('0858a515-9751-11e3-b885-0026222da8dc', 'barang jenis 0 15', 2500, 10, '08578e6c-9751-11e3-b885-0026222da8dc', ''),
('0858a56b-9751-11e3-b885-0026222da8dc', 'barang jenis 0 16', 2600, 10, '08578e6c-9751-11e3-b885-0026222da8dc', ''),
('0858a5c2-9751-11e3-b885-0026222da8dc', 'barang jenis 0 17', 2700, 10, '08578e6c-9751-11e3-b885-0026222da8dc', ''),
('0858a6f7-9751-11e3-b885-0026222da8dc', 'barang jenis 0 18', 2800, 10, '08578e6c-9751-11e3-b885-0026222da8dc', ''),
('0858a74e-9751-11e3-b885-0026222da8dc', 'barang jenis 0 19', 2900, 10, '08578e6c-9751-11e3-b885-0026222da8dc', ''),
('0858a7a4-9751-11e3-b885-0026222da8dc', 'barang jenis 0 20', 3000, 10, '08578e6c-9751-11e3-b885-0026222da8dc', ''),
('0858a82b-9751-11e3-b885-0026222da8dc', 'barang jenis 0 21', 3100, 10, '08578e6c-9751-11e3-b885-0026222da8dc', ''),
('0858a87f-9751-11e3-b885-0026222da8dc', 'barang jenis 0 22', 3200, 10, '08578e6c-9751-11e3-b885-0026222da8dc', ''),
('0858a8d0-9751-11e3-b885-0026222da8dc', 'barang jenis 0 23', 3300, 10, '08578e6c-9751-11e3-b885-0026222da8dc', ''),
('0858a924-9751-11e3-b885-0026222da8dc', 'barang jenis 0 24', 3400, 10, '08578e6c-9751-11e3-b885-0026222da8dc', ''),
('0858a975-9751-11e3-b885-0026222da8dc', 'barang jenis 0 25', 3500, 10, '08578e6c-9751-11e3-b885-0026222da8dc', ''),
('0858a9cc-9751-11e3-b885-0026222da8dc', 'barang jenis 0 26', 3600, 10, '08578e6c-9751-11e3-b885-0026222da8dc', ''),
('0858aa22-9751-11e3-b885-0026222da8dc', 'barang jenis 0 27', 3700, 10, '08578e6c-9751-11e3-b885-0026222da8dc', ''),
('0858aa77-9751-11e3-b885-0026222da8dc', 'barang jenis 0 28', 3800, 10, '08578e6c-9751-11e3-b885-0026222da8dc', ''),
('0858aac7-9751-11e3-b885-0026222da8dc', 'barang jenis 0 29', 3900, 10, '08578e6c-9751-11e3-b885-0026222da8dc', ''),
('0858ab1a-9751-11e3-b885-0026222da8dc', 'barang jenis 0 30', 4000, 10, '08578e6c-9751-11e3-b885-0026222da8dc', ''),
('0858ab6b-9751-11e3-b885-0026222da8dc', 'barang jenis 0 31', 4100, 10, '08578e6c-9751-11e3-b885-0026222da8dc', ''),
('0858abbc-9751-11e3-b885-0026222da8dc', 'barang jenis 0 32', 4200, 10, '08578e6c-9751-11e3-b885-0026222da8dc', ''),
('0858ac0d-9751-11e3-b885-0026222da8dc', 'barang jenis 0 33', 4300, 10, '08578e6c-9751-11e3-b885-0026222da8dc', ''),
('0858ac5e-9751-11e3-b885-0026222da8dc', 'barang jenis 0 34', 4400, 10, '08578e6c-9751-11e3-b885-0026222da8dc', ''),
('0858acb0-9751-11e3-b885-0026222da8dc', 'barang jenis 0 35', 4500, 10, '08578e6c-9751-11e3-b885-0026222da8dc', ''),
('0858ad04-9751-11e3-b885-0026222da8dc', 'barang jenis 0 36', 4600, 10, '08578e6c-9751-11e3-b885-0026222da8dc', ''),
('0858adba-9751-11e3-b885-0026222da8dc', 'barang jenis 0 37', 4700, 10, '08578e6c-9751-11e3-b885-0026222da8dc', ''),
('0858ae12-9751-11e3-b885-0026222da8dc', 'barang jenis 0 38', 4800, 10, '08578e6c-9751-11e3-b885-0026222da8dc', ''),
('0858ae61-9751-11e3-b885-0026222da8dc', 'barang jenis 0 39', 4900, 10, '08578e6c-9751-11e3-b885-0026222da8dc', ''),
('0858aeb5-9751-11e3-b885-0026222da8dc', 'barang jenis 0 40', 5000, 10, '08578e6c-9751-11e3-b885-0026222da8dc', ''),
('0858af0a-9751-11e3-b885-0026222da8dc', 'barang jenis 0 41', 5100, 10, '08578e6c-9751-11e3-b885-0026222da8dc', ''),
('0858af5c-9751-11e3-b885-0026222da8dc', 'barang jenis 0 42', 5200, 10, '08578e6c-9751-11e3-b885-0026222da8dc', ''),
('0858afcf-9751-11e3-b885-0026222da8dc', 'barang jenis 0 43', 5300, 10, '08578e6c-9751-11e3-b885-0026222da8dc', ''),
('0858b026-9751-11e3-b885-0026222da8dc', 'barang jenis 0 44', 5400, 10, '08578e6c-9751-11e3-b885-0026222da8dc', ''),
('0858b07b-9751-11e3-b885-0026222da8dc', 'barang jenis 0 45', 5500, 10, '08578e6c-9751-11e3-b885-0026222da8dc', ''),
('0858b0ce-9751-11e3-b885-0026222da8dc', 'barang jenis 0 46', 5600, 10, '08578e6c-9751-11e3-b885-0026222da8dc', ''),
('0858b11c-9751-11e3-b885-0026222da8dc', 'barang jenis 0 47', 5700, 10, '08578e6c-9751-11e3-b885-0026222da8dc', ''),
('0858b16f-9751-11e3-b885-0026222da8dc', 'barang jenis 0 48', 5800, 10, '08578e6c-9751-11e3-b885-0026222da8dc', ''),
('0858b1be-9751-11e3-b885-0026222da8dc', 'barang jenis 0 49', 5900, 10, '08578e6c-9751-11e3-b885-0026222da8dc', ''),
('0858b44c-9751-11e3-b885-0026222da8dc', 'barang jenis 0 50', 6000, 10, '08578e6c-9751-11e3-b885-0026222da8dc', ''),
('0858b4aa-9751-11e3-b885-0026222da8dc', 'barang jenis 0 51', 6100, 10, '08578e6c-9751-11e3-b885-0026222da8dc', ''),
('0858b500-9751-11e3-b885-0026222da8dc', 'barang jenis 0 52', 6200, 10, '08578e6c-9751-11e3-b885-0026222da8dc', ''),
('0858b554-9751-11e3-b885-0026222da8dc', 'barang jenis 0 53', 6300, 10, '08578e6c-9751-11e3-b885-0026222da8dc', ''),
('0858b5a9-9751-11e3-b885-0026222da8dc', 'barang jenis 0 54', 6400, 10, '08578e6c-9751-11e3-b885-0026222da8dc', ''),
('0858b5fc-9751-11e3-b885-0026222da8dc', 'barang jenis 0 55', 6500, 10, '08578e6c-9751-11e3-b885-0026222da8dc', ''),
('0858b652-9751-11e3-b885-0026222da8dc', 'barang jenis 0 56', 6600, 10, '08578e6c-9751-11e3-b885-0026222da8dc', ''),
('0858b727-9751-11e3-b885-0026222da8dc', 'barang jenis 0 57', 6700, 10, '08578e6c-9751-11e3-b885-0026222da8dc', ''),
('0858b783-9751-11e3-b885-0026222da8dc', 'barang jenis 0 58', 6800, 10, '08578e6c-9751-11e3-b885-0026222da8dc', ''),
('0858b7db-9751-11e3-b885-0026222da8dc', 'barang jenis 0 59', 6900, 10, '08578e6c-9751-11e3-b885-0026222da8dc', ''),
('0858b82e-9751-11e3-b885-0026222da8dc', 'barang jenis 0 60', 7000, 10, '08578e6c-9751-11e3-b885-0026222da8dc', ''),
('0858b880-9751-11e3-b885-0026222da8dc', 'barang jenis 0 61', 7100, 10, '08578e6c-9751-11e3-b885-0026222da8dc', ''),
('0858b8d1-9751-11e3-b885-0026222da8dc', 'barang jenis 0 62', 7200, 10, '08578e6c-9751-11e3-b885-0026222da8dc', ''),
('0858b926-9751-11e3-b885-0026222da8dc', 'barang jenis 0 63', 7300, 10, '08578e6c-9751-11e3-b885-0026222da8dc', ''),
('0858b977-9751-11e3-b885-0026222da8dc', 'barang jenis 0 64', 7400, 10, '08578e6c-9751-11e3-b885-0026222da8dc', ''),
('0858b9ee-9751-11e3-b885-0026222da8dc', 'barang jenis 0 65', 7500, 10, '08578e6c-9751-11e3-b885-0026222da8dc', ''),
('0858ba46-9751-11e3-b885-0026222da8dc', 'barang jenis 0 66', 7600, 10, '08578e6c-9751-11e3-b885-0026222da8dc', ''),
('0858ba99-9751-11e3-b885-0026222da8dc', 'barang jenis 0 67', 7700, 10, '08578e6c-9751-11e3-b885-0026222da8dc', ''),
('0858baf1-9751-11e3-b885-0026222da8dc', 'barang jenis 0 68', 7800, 10, '08578e6c-9751-11e3-b885-0026222da8dc', ''),
('0858bb42-9751-11e3-b885-0026222da8dc', 'barang jenis 0 69', 7900, 10, '08578e6c-9751-11e3-b885-0026222da8dc', ''),
('0858bb96-9751-11e3-b885-0026222da8dc', 'barang jenis 0 70', 8000, 10, '08578e6c-9751-11e3-b885-0026222da8dc', ''),
('0858bbe9-9751-11e3-b885-0026222da8dc', 'barang jenis 0 71', 8100, 10, '08578e6c-9751-11e3-b885-0026222da8dc', ''),
('0858bc3c-9751-11e3-b885-0026222da8dc', 'barang jenis 0 72', 8200, 10, '08578e6c-9751-11e3-b885-0026222da8dc', ''),
('0858bc8e-9751-11e3-b885-0026222da8dc', 'barang jenis 0 73', 8300, 10, '08578e6c-9751-11e3-b885-0026222da8dc', ''),
('0858bcdf-9751-11e3-b885-0026222da8dc', 'barang jenis 0 74', 8400, 10, '08578e6c-9751-11e3-b885-0026222da8dc', ''),
('0858bd2f-9751-11e3-b885-0026222da8dc', 'barang jenis 0 75', 8500, 10, '08578e6c-9751-11e3-b885-0026222da8dc', ''),
('0858bd83-9751-11e3-b885-0026222da8dc', 'barang jenis 0 76', 8600, 10, '08578e6c-9751-11e3-b885-0026222da8dc', ''),
('0858bdd6-9751-11e3-b885-0026222da8dc', 'barang jenis 0 77', 8700, 10, '08578e6c-9751-11e3-b885-0026222da8dc', ''),
('0858bebe-9751-11e3-b885-0026222da8dc', 'barang jenis 0 78', 8800, 10, '08578e6c-9751-11e3-b885-0026222da8dc', ''),
('0858bf18-9751-11e3-b885-0026222da8dc', 'barang jenis 0 79', 8900, 10, '08578e6c-9751-11e3-b885-0026222da8dc', ''),
('0858bf6b-9751-11e3-b885-0026222da8dc', 'barang jenis 0 80', 9000, 10, '08578e6c-9751-11e3-b885-0026222da8dc', ''),
('0858bfbd-9751-11e3-b885-0026222da8dc', 'barang jenis 0 81', 9100, 10, '08578e6c-9751-11e3-b885-0026222da8dc', ''),
('0858c011-9751-11e3-b885-0026222da8dc', 'barang jenis 0 82', 9200, 10, '08578e6c-9751-11e3-b885-0026222da8dc', ''),
('0858c063-9751-11e3-b885-0026222da8dc', 'barang jenis 0 83', 9300, 10, '08578e6c-9751-11e3-b885-0026222da8dc', ''),
('0858c0b5-9751-11e3-b885-0026222da8dc', 'barang jenis 0 84', 9400, 10, '08578e6c-9751-11e3-b885-0026222da8dc', ''),
('0858c12a-9751-11e3-b885-0026222da8dc', 'barang jenis 0 85', 9500, 10, '08578e6c-9751-11e3-b885-0026222da8dc', ''),
('0858c181-9751-11e3-b885-0026222da8dc', 'barang jenis 0 86', 9600, 10, '08578e6c-9751-11e3-b885-0026222da8dc', ''),
('0858c1ef-9751-11e3-b885-0026222da8dc', 'barang jenis 0 87', 9700, 10, '08578e6c-9751-11e3-b885-0026222da8dc', ''),
('0858c247-9751-11e3-b885-0026222da8dc', 'barang jenis 0 88', 9800, 10, '08578e6c-9751-11e3-b885-0026222da8dc', ''),
('0858c29b-9751-11e3-b885-0026222da8dc', 'barang jenis 0 89', 9900, 10, '08578e6c-9751-11e3-b885-0026222da8dc', ''),
('0858c2f3-9751-11e3-b885-0026222da8dc', 'barang jenis 0 90', 10000, 10, '08578e6c-9751-11e3-b885-0026222da8dc', ''),
('0858c344-9751-11e3-b885-0026222da8dc', 'barang jenis 0 91', 10100, 10, '08578e6c-9751-11e3-b885-0026222da8dc', ''),
('0858c39b-9751-11e3-b885-0026222da8dc', 'barang jenis 0 92', 10200, 10, '08578e6c-9751-11e3-b885-0026222da8dc', ''),
('0858c3f1-9751-11e3-b885-0026222da8dc', 'barang jenis 0 93', 10300, 10, '08578e6c-9751-11e3-b885-0026222da8dc', ''),
('0858c446-9751-11e3-b885-0026222da8dc', 'barang jenis 0 94', 10400, 10, '08578e6c-9751-11e3-b885-0026222da8dc', ''),
('0858c497-9751-11e3-b885-0026222da8dc', 'barang jenis 0 95', 10500, 10, '08578e6c-9751-11e3-b885-0026222da8dc', ''),
('0858c4eb-9751-11e3-b885-0026222da8dc', 'barang jenis 0 96', 10600, 10, '08578e6c-9751-11e3-b885-0026222da8dc', ''),
('0858c53e-9751-11e3-b885-0026222da8dc', 'barang jenis 0 97', 10700, 10, '08578e6c-9751-11e3-b885-0026222da8dc', ''),
('0858c58e-9751-11e3-b885-0026222da8dc', 'barang jenis 0 98', 10800, 10, '08578e6c-9751-11e3-b885-0026222da8dc', ''),
('0858c5dd-9751-11e3-b885-0026222da8dc', 'barang jenis 0 99', 10900, 10, '08578e6c-9751-11e3-b885-0026222da8dc', ''),
('0858c634-9751-11e3-b885-0026222da8dc', 'barang jenis 1 0', 1000, 10, '0857a4fb-9751-11e3-b885-0026222da8dc', ''),
('0858c73d-9751-11e3-b885-0026222da8dc', 'barang jenis 1 1', 1100, 10, '0857a4fb-9751-11e3-b885-0026222da8dc', ''),
('0858c797-9751-11e3-b885-0026222da8dc', 'barang jenis 1 2', 1200, 10, '0857a4fb-9751-11e3-b885-0026222da8dc', ''),
('0858c7ed-9751-11e3-b885-0026222da8dc', 'barang jenis 1 3', 1300, 10, '0857a4fb-9751-11e3-b885-0026222da8dc', ''),
('0858c844-9751-11e3-b885-0026222da8dc', 'barang jenis 1 4', 1400, 10, '0857a4fb-9751-11e3-b885-0026222da8dc', ''),
('0858c898-9751-11e3-b885-0026222da8dc', 'barang jenis 1 5', 1500, 10, '0857a4fb-9751-11e3-b885-0026222da8dc', ''),
('0858c8eb-9751-11e3-b885-0026222da8dc', 'barang jenis 1 6', 1600, 10, '0857a4fb-9751-11e3-b885-0026222da8dc', ''),
('0858c941-9751-11e3-b885-0026222da8dc', 'barang jenis 1 7', 1700, 10, '0857a4fb-9751-11e3-b885-0026222da8dc', ''),
('0858c994-9751-11e3-b885-0026222da8dc', 'barang jenis 1 8', 1800, 10, '0857a4fb-9751-11e3-b885-0026222da8dc', ''),
('0858ca09-9751-11e3-b885-0026222da8dc', 'barang jenis 1 9', 1900, 10, '0857a4fb-9751-11e3-b885-0026222da8dc', ''),
('0858ca64-9751-11e3-b885-0026222da8dc', 'barang jenis 1 10', 2000, 10, '0857a4fb-9751-11e3-b885-0026222da8dc', ''),
('0858caba-9751-11e3-b885-0026222da8dc', 'barang jenis 1 11', 2100, 10, '0857a4fb-9751-11e3-b885-0026222da8dc', ''),
('0858cb12-9751-11e3-b885-0026222da8dc', 'barang jenis 1 12', 2200, 10, '0857a4fb-9751-11e3-b885-0026222da8dc', ''),
('0858cb68-9751-11e3-b885-0026222da8dc', 'barang jenis 1 13', 2300, 10, '0857a4fb-9751-11e3-b885-0026222da8dc', ''),
('0858cbb8-9751-11e3-b885-0026222da8dc', 'barang jenis 1 14', 2400, 10, '0857a4fb-9751-11e3-b885-0026222da8dc', ''),
('0858cc0c-9751-11e3-b885-0026222da8dc', 'barang jenis 1 15', 2500, 10, '0857a4fb-9751-11e3-b885-0026222da8dc', ''),
('0858cc62-9751-11e3-b885-0026222da8dc', 'barang jenis 1 16', 2600, 10, '0857a4fb-9751-11e3-b885-0026222da8dc', ''),
('0858ccb9-9751-11e3-b885-0026222da8dc', 'barang jenis 1 17', 2700, 10, '0857a4fb-9751-11e3-b885-0026222da8dc', ''),
('0858cd0d-9751-11e3-b885-0026222da8dc', 'barang jenis 1 18', 2800, 10, '0857a4fb-9751-11e3-b885-0026222da8dc', ''),
('0858cd5e-9751-11e3-b885-0026222da8dc', 'barang jenis 1 19', 2900, 10, '0857a4fb-9751-11e3-b885-0026222da8dc', ''),
('0858cdb6-9751-11e3-b885-0026222da8dc', 'barang jenis 1 20', 3000, 10, '0857a4fb-9751-11e3-b885-0026222da8dc', ''),
('0858ce07-9751-11e3-b885-0026222da8dc', 'barang jenis 1 21', 3100, 10, '0857a4fb-9751-11e3-b885-0026222da8dc', ''),
('0858ce5b-9751-11e3-b885-0026222da8dc', 'barang jenis 1 22', 3200, 10, '0857a4fb-9751-11e3-b885-0026222da8dc', ''),
('0858ceae-9751-11e3-b885-0026222da8dc', 'barang jenis 1 23', 3300, 10, '0857a4fb-9751-11e3-b885-0026222da8dc', ''),
('08598df1-9751-11e3-b885-0026222da8dc', 'barang jenis 1 24', 3400, 10, '0857a4fb-9751-11e3-b885-0026222da8dc', ''),
('08599047-9751-11e3-b885-0026222da8dc', 'barang jenis 1 25', 3500, 10, '0857a4fb-9751-11e3-b885-0026222da8dc', ''),
('085990b2-9751-11e3-b885-0026222da8dc', 'barang jenis 1 26', 3600, 10, '0857a4fb-9751-11e3-b885-0026222da8dc', ''),
('0859912c-9751-11e3-b885-0026222da8dc', 'barang jenis 1 27', 3700, 10, '0857a4fb-9751-11e3-b885-0026222da8dc', ''),
('0859a60f-9751-11e3-b885-0026222da8dc', 'barang jenis 1 28', 3800, 10, '0857a4fb-9751-11e3-b885-0026222da8dc', ''),
('0859a6a9-9751-11e3-b885-0026222da8dc', 'barang jenis 1 29', 3900, 10, '0857a4fb-9751-11e3-b885-0026222da8dc', ''),
('0859a703-9751-11e3-b885-0026222da8dc', 'barang jenis 1 30', 4000, 10, '0857a4fb-9751-11e3-b885-0026222da8dc', ''),
('0859a75d-9751-11e3-b885-0026222da8dc', 'barang jenis 1 31', 4100, 10, '0857a4fb-9751-11e3-b885-0026222da8dc', ''),
('0859a7b0-9751-11e3-b885-0026222da8dc', 'barang jenis 1 32', 4200, 10, '0857a4fb-9751-11e3-b885-0026222da8dc', ''),
('0859a801-9751-11e3-b885-0026222da8dc', 'barang jenis 1 33', 4300, 10, '0857a4fb-9751-11e3-b885-0026222da8dc', ''),
('0859a856-9751-11e3-b885-0026222da8dc', 'barang jenis 1 34', 4400, 10, '0857a4fb-9751-11e3-b885-0026222da8dc', ''),
('0859a8a8-9751-11e3-b885-0026222da8dc', 'barang jenis 1 35', 4500, 10, '0857a4fb-9751-11e3-b885-0026222da8dc', ''),
('0859a8fd-9751-11e3-b885-0026222da8dc', 'barang jenis 1 36', 4600, 10, '0857a4fb-9751-11e3-b885-0026222da8dc', ''),
('0859a951-9751-11e3-b885-0026222da8dc', 'barang jenis 1 37', 4700, 10, '0857a4fb-9751-11e3-b885-0026222da8dc', ''),
('0859a9a2-9751-11e3-b885-0026222da8dc', 'barang jenis 1 38', 4800, 10, '0857a4fb-9751-11e3-b885-0026222da8dc', ''),
('0859a9f7-9751-11e3-b885-0026222da8dc', 'barang jenis 1 39', 4900, 10, '0857a4fb-9751-11e3-b885-0026222da8dc', ''),
('0859aa4c-9751-11e3-b885-0026222da8dc', 'barang jenis 1 40', 5000, 10, '0857a4fb-9751-11e3-b885-0026222da8dc', ''),
('0859aaa0-9751-11e3-b885-0026222da8dc', 'barang jenis 1 41', 5100, 10, '0857a4fb-9751-11e3-b885-0026222da8dc', ''),
('0859aaf7-9751-11e3-b885-0026222da8dc', 'barang jenis 1 42', 5200, 10, '0857a4fb-9751-11e3-b885-0026222da8dc', ''),
('0859ab4f-9751-11e3-b885-0026222da8dc', 'barang jenis 1 43', 5300, 10, '0857a4fb-9751-11e3-b885-0026222da8dc', ''),
('0859aba9-9751-11e3-b885-0026222da8dc', 'barang jenis 1 44', 5400, 10, '0857a4fb-9751-11e3-b885-0026222da8dc', ''),
('0859abfe-9751-11e3-b885-0026222da8dc', 'barang jenis 1 45', 5500, 10, '0857a4fb-9751-11e3-b885-0026222da8dc', ''),
('0859ac54-9751-11e3-b885-0026222da8dc', 'barang jenis 1 46', 5600, 10, '0857a4fb-9751-11e3-b885-0026222da8dc', ''),
('0859aca9-9751-11e3-b885-0026222da8dc', 'barang jenis 1 47', 5700, 10, '0857a4fb-9751-11e3-b885-0026222da8dc', ''),
('0859ad27-9751-11e3-b885-0026222da8dc', 'barang jenis 1 48', 5800, 10, '0857a4fb-9751-11e3-b885-0026222da8dc', ''),
('0859ad7e-9751-11e3-b885-0026222da8dc', 'barang jenis 1 49', 5900, 10, '0857a4fb-9751-11e3-b885-0026222da8dc', ''),
('0859add2-9751-11e3-b885-0026222da8dc', 'barang jenis 1 50', 6000, 10, '0857a4fb-9751-11e3-b885-0026222da8dc', ''),
('0859af86-9751-11e3-b885-0026222da8dc', 'barang jenis 1 51', 6100, 10, '0857a4fb-9751-11e3-b885-0026222da8dc', ''),
('0859afe7-9751-11e3-b885-0026222da8dc', 'barang jenis 1 52', 6200, 10, '0857a4fb-9751-11e3-b885-0026222da8dc', ''),
('0859b03d-9751-11e3-b885-0026222da8dc', 'barang jenis 1 53', 6300, 10, '0857a4fb-9751-11e3-b885-0026222da8dc', ''),
('0859b090-9751-11e3-b885-0026222da8dc', 'barang jenis 1 54', 6400, 10, '0857a4fb-9751-11e3-b885-0026222da8dc', ''),
('0859b0e5-9751-11e3-b885-0026222da8dc', 'barang jenis 1 55', 6500, 10, '0857a4fb-9751-11e3-b885-0026222da8dc', ''),
('0859b13a-9751-11e3-b885-0026222da8dc', 'barang jenis 1 56', 6600, 10, '0857a4fb-9751-11e3-b885-0026222da8dc', ''),
('0859b18d-9751-11e3-b885-0026222da8dc', 'barang jenis 1 57', 6700, 10, '0857a4fb-9751-11e3-b885-0026222da8dc', ''),
('0859b1df-9751-11e3-b885-0026222da8dc', 'barang jenis 1 58', 6800, 10, '0857a4fb-9751-11e3-b885-0026222da8dc', ''),
('0859b232-9751-11e3-b885-0026222da8dc', 'barang jenis 1 59', 6900, 10, '0857a4fb-9751-11e3-b885-0026222da8dc', ''),
('0859b285-9751-11e3-b885-0026222da8dc', 'barang jenis 1 60', 7000, 10, '0857a4fb-9751-11e3-b885-0026222da8dc', ''),
('0859b2d9-9751-11e3-b885-0026222da8dc', 'barang jenis 1 61', 7100, 10, '0857a4fb-9751-11e3-b885-0026222da8dc', ''),
('0859b32a-9751-11e3-b885-0026222da8dc', 'barang jenis 1 62', 7200, 10, '0857a4fb-9751-11e3-b885-0026222da8dc', ''),
('0859b37e-9751-11e3-b885-0026222da8dc', 'barang jenis 1 63', 7300, 10, '0857a4fb-9751-11e3-b885-0026222da8dc', ''),
('0859b3d4-9751-11e3-b885-0026222da8dc', 'barang jenis 1 64', 7400, 10, '0857a4fb-9751-11e3-b885-0026222da8dc', ''),
('0859b425-9751-11e3-b885-0026222da8dc', 'barang jenis 1 65', 7500, 10, '0857a4fb-9751-11e3-b885-0026222da8dc', ''),
('0859b47a-9751-11e3-b885-0026222da8dc', 'barang jenis 1 66', 7600, 10, '0857a4fb-9751-11e3-b885-0026222da8dc', ''),
('0859b4cf-9751-11e3-b885-0026222da8dc', 'barang jenis 1 67', 7700, 10, '0857a4fb-9751-11e3-b885-0026222da8dc', ''),
('0859b523-9751-11e3-b885-0026222da8dc', 'barang jenis 1 68', 7800, 10, '0857a4fb-9751-11e3-b885-0026222da8dc', ''),
('0859b593-9751-11e3-b885-0026222da8dc', 'barang jenis 1 69', 7900, 10, '0857a4fb-9751-11e3-b885-0026222da8dc', ''),
('0859b5eb-9751-11e3-b885-0026222da8dc', 'barang jenis 1 70', 8000, 10, '0857a4fb-9751-11e3-b885-0026222da8dc', ''),
('0859b640-9751-11e3-b885-0026222da8dc', 'barang jenis 1 71', 8100, 10, '0857a4fb-9751-11e3-b885-0026222da8dc', ''),
('0859b693-9751-11e3-b885-0026222da8dc', 'barang jenis 1 72', 8200, 10, '0857a4fb-9751-11e3-b885-0026222da8dc', ''),
('0859b6e5-9751-11e3-b885-0026222da8dc', 'barang jenis 1 73', 8300, 10, '0857a4fb-9751-11e3-b885-0026222da8dc', ''),
('0859b73c-9751-11e3-b885-0026222da8dc', 'barang jenis 1 74', 8400, 10, '0857a4fb-9751-11e3-b885-0026222da8dc', ''),
('0859b7b9-9751-11e3-b885-0026222da8dc', 'barang jenis 1 75', 8500, 10, '0857a4fb-9751-11e3-b885-0026222da8dc', ''),
('0859b811-9751-11e3-b885-0026222da8dc', 'barang jenis 1 76', 8600, 10, '0857a4fb-9751-11e3-b885-0026222da8dc', ''),
('0859b9a9-9751-11e3-b885-0026222da8dc', 'barang jenis 1 77', 8700, 10, '0857a4fb-9751-11e3-b885-0026222da8dc', ''),
('0859ba0a-9751-11e3-b885-0026222da8dc', 'barang jenis 1 78', 8800, 10, '0857a4fb-9751-11e3-b885-0026222da8dc', ''),
('0859ba66-9751-11e3-b885-0026222da8dc', 'barang jenis 1 79', 8900, 10, '0857a4fb-9751-11e3-b885-0026222da8dc', ''),
('0859bac1-9751-11e3-b885-0026222da8dc', 'barang jenis 1 80', 9000, 10, '0857a4fb-9751-11e3-b885-0026222da8dc', ''),
('0859bb1a-9751-11e3-b885-0026222da8dc', 'barang jenis 1 81', 9100, 10, '0857a4fb-9751-11e3-b885-0026222da8dc', ''),
('0859bb73-9751-11e3-b885-0026222da8dc', 'barang jenis 1 82', 9200, 10, '0857a4fb-9751-11e3-b885-0026222da8dc', ''),
('0859bbcc-9751-11e3-b885-0026222da8dc', 'barang jenis 1 83', 9300, 10, '0857a4fb-9751-11e3-b885-0026222da8dc', ''),
('0859bc26-9751-11e3-b885-0026222da8dc', 'barang jenis 1 84', 9400, 10, '0857a4fb-9751-11e3-b885-0026222da8dc', ''),
('0859bc7c-9751-11e3-b885-0026222da8dc', 'barang jenis 1 85', 9500, 10, '0857a4fb-9751-11e3-b885-0026222da8dc', ''),
('0859c2af-9751-11e3-b885-0026222da8dc', 'barang jenis 1 86', 9600, 10, '0857a4fb-9751-11e3-b885-0026222da8dc', ''),
('0859c314-9751-11e3-b885-0026222da8dc', 'barang jenis 1 87', 9700, 10, '0857a4fb-9751-11e3-b885-0026222da8dc', ''),
('0859c36c-9751-11e3-b885-0026222da8dc', 'barang jenis 1 88', 9800, 10, '0857a4fb-9751-11e3-b885-0026222da8dc', ''),
('0859c3c7-9751-11e3-b885-0026222da8dc', 'barang jenis 1 89', 9900, 10, '0857a4fb-9751-11e3-b885-0026222da8dc', ''),
('0859c41e-9751-11e3-b885-0026222da8dc', 'barang jenis 1 90', 10000, 10, '0857a4fb-9751-11e3-b885-0026222da8dc', ''),
('0859cdeb-9751-11e3-b885-0026222da8dc', 'barang jenis 1 91', 10100, 10, '0857a4fb-9751-11e3-b885-0026222da8dc', ''),
('0859cedb-9751-11e3-b885-0026222da8dc', 'barang jenis 1 92', 10200, 10, '0857a4fb-9751-11e3-b885-0026222da8dc', ''),
('0859cf48-9751-11e3-b885-0026222da8dc', 'barang jenis 1 93', 10300, 10, '0857a4fb-9751-11e3-b885-0026222da8dc', ''),
('0859cfa8-9751-11e3-b885-0026222da8dc', 'barang jenis 1 94', 10400, 10, '0857a4fb-9751-11e3-b885-0026222da8dc', ''),
('0859d003-9751-11e3-b885-0026222da8dc', 'barang jenis 1 95', 10500, 10, '0857a4fb-9751-11e3-b885-0026222da8dc', ''),
('0859d057-9751-11e3-b885-0026222da8dc', 'barang jenis 1 96', 10600, 10, '0857a4fb-9751-11e3-b885-0026222da8dc', ''),
('0859d0ac-9751-11e3-b885-0026222da8dc', 'barang jenis 1 97', 10700, 10, '0857a4fb-9751-11e3-b885-0026222da8dc', ''),
('0859d101-9751-11e3-b885-0026222da8dc', 'barang jenis 1 98', 10800, 10, '0857a4fb-9751-11e3-b885-0026222da8dc', ''),
('0859d152-9751-11e3-b885-0026222da8dc', 'barang jenis 1 99', 10900, 10, '0857a4fb-9751-11e3-b885-0026222da8dc', ''),
('0859d1a3-9751-11e3-b885-0026222da8dc', 'barang jenis 2 0', 1000, 10, '0857a590-9751-11e3-b885-0026222da8dc', ''),
('0859d1f5-9751-11e3-b885-0026222da8dc', 'barang jenis 2 1', 1100, 10, '0857a590-9751-11e3-b885-0026222da8dc', ''),
('0859d247-9751-11e3-b885-0026222da8dc', 'barang jenis 2 2', 1200, 10, '0857a590-9751-11e3-b885-0026222da8dc', ''),
('0859d518-9751-11e3-b885-0026222da8dc', 'barang jenis 2 3', 1300, 10, '0857a590-9751-11e3-b885-0026222da8dc', ''),
('0859d578-9751-11e3-b885-0026222da8dc', 'barang jenis 2 4', 1400, 10, '0857a590-9751-11e3-b885-0026222da8dc', ''),
('0859d5c9-9751-11e3-b885-0026222da8dc', 'barang jenis 2 5', 1500, 10, '0857a590-9751-11e3-b885-0026222da8dc', ''),
('0859d61a-9751-11e3-b885-0026222da8dc', 'barang jenis 2 6', 1600, 10, '0857a590-9751-11e3-b885-0026222da8dc', ''),
('0859d66c-9751-11e3-b885-0026222da8dc', 'barang jenis 2 7', 1700, 10, '0857a590-9751-11e3-b885-0026222da8dc', ''),
('0859d6be-9751-11e3-b885-0026222da8dc', 'barang jenis 2 8', 1800, 10, '0857a590-9751-11e3-b885-0026222da8dc', ''),
('0859d70d-9751-11e3-b885-0026222da8dc', 'barang jenis 2 9', 1900, 10, '0857a590-9751-11e3-b885-0026222da8dc', ''),
('0859d761-9751-11e3-b885-0026222da8dc', 'barang jenis 2 10', 2000, 10, '0857a590-9751-11e3-b885-0026222da8dc', ''),
('0859d7af-9751-11e3-b885-0026222da8dc', 'barang jenis 2 11', 2100, 10, '0857a590-9751-11e3-b885-0026222da8dc', ''),
('0859d827-9751-11e3-b885-0026222da8dc', 'barang jenis 2 12', 2200, 10, '0857a590-9751-11e3-b885-0026222da8dc', ''),
('0859d87f-9751-11e3-b885-0026222da8dc', 'barang jenis 2 13', 2300, 10, '0857a590-9751-11e3-b885-0026222da8dc', ''),
('0859d8d1-9751-11e3-b885-0026222da8dc', 'barang jenis 2 14', 2400, 10, '0857a590-9751-11e3-b885-0026222da8dc', ''),
('0859d924-9751-11e3-b885-0026222da8dc', 'barang jenis 2 15', 2500, 10, '0857a590-9751-11e3-b885-0026222da8dc', ''),
('0859d973-9751-11e3-b885-0026222da8dc', 'barang jenis 2 16', 2600, 10, '0857a590-9751-11e3-b885-0026222da8dc', ''),
('0859d9c2-9751-11e3-b885-0026222da8dc', 'barang jenis 2 17', 2700, 10, '0857a590-9751-11e3-b885-0026222da8dc', ''),
('0859da13-9751-11e3-b885-0026222da8dc', 'barang jenis 2 18', 2800, 10, '0857a590-9751-11e3-b885-0026222da8dc', ''),
('0859da64-9751-11e3-b885-0026222da8dc', 'barang jenis 2 19', 2900, 10, '0857a590-9751-11e3-b885-0026222da8dc', ''),
('0859dab2-9751-11e3-b885-0026222da8dc', 'barang jenis 2 20', 3000, 10, '0857a590-9751-11e3-b885-0026222da8dc', ''),
('0859db04-9751-11e3-b885-0026222da8dc', 'barang jenis 2 21', 3100, 10, '0857a590-9751-11e3-b885-0026222da8dc', ''),
('0859db57-9751-11e3-b885-0026222da8dc', 'barang jenis 2 22', 3200, 10, '0857a590-9751-11e3-b885-0026222da8dc', ''),
('0859dba8-9751-11e3-b885-0026222da8dc', 'barang jenis 2 23', 3300, 10, '0857a590-9751-11e3-b885-0026222da8dc', ''),
('0859dbf7-9751-11e3-b885-0026222da8dc', 'barang jenis 2 24', 3400, 10, '0857a590-9751-11e3-b885-0026222da8dc', ''),
('0859dc43-9751-11e3-b885-0026222da8dc', 'barang jenis 2 25', 3500, 10, '0857a590-9751-11e3-b885-0026222da8dc', ''),
('0859dc95-9751-11e3-b885-0026222da8dc', 'barang jenis 2 26', 3600, 10, '0857a590-9751-11e3-b885-0026222da8dc', ''),
('0859dce5-9751-11e3-b885-0026222da8dc', 'barang jenis 2 27', 3700, 10, '0857a590-9751-11e3-b885-0026222da8dc', ''),
('0859dd32-9751-11e3-b885-0026222da8dc', 'barang jenis 2 28', 3800, 10, '0857a590-9751-11e3-b885-0026222da8dc', ''),
('0859dd85-9751-11e3-b885-0026222da8dc', 'barang jenis 2 29', 3900, 10, '0857a590-9751-11e3-b885-0026222da8dc', ''),
('0859ddd6-9751-11e3-b885-0026222da8dc', 'barang jenis 2 30', 4000, 10, '0857a590-9751-11e3-b885-0026222da8dc', ''),
('0859de27-9751-11e3-b885-0026222da8dc', 'barang jenis 2 31', 4100, 10, '0857a590-9751-11e3-b885-0026222da8dc', ''),
('0859de7a-9751-11e3-b885-0026222da8dc', 'barang jenis 2 32', 4200, 10, '0857a590-9751-11e3-b885-0026222da8dc', ''),
('0859decb-9751-11e3-b885-0026222da8dc', 'barang jenis 2 33', 4300, 10, '0857a590-9751-11e3-b885-0026222da8dc', ''),
('0859df3b-9751-11e3-b885-0026222da8dc', 'barang jenis 2 34', 4400, 10, '0857a590-9751-11e3-b885-0026222da8dc', ''),
('0859df94-9751-11e3-b885-0026222da8dc', 'barang jenis 2 35', 4500, 10, '0857a590-9751-11e3-b885-0026222da8dc', ''),
('0859dfe4-9751-11e3-b885-0026222da8dc', 'barang jenis 2 36', 4600, 10, '0857a590-9751-11e3-b885-0026222da8dc', ''),
('0859e035-9751-11e3-b885-0026222da8dc', 'barang jenis 2 37', 4700, 10, '0857a590-9751-11e3-b885-0026222da8dc', ''),
('0859e086-9751-11e3-b885-0026222da8dc', 'barang jenis 2 38', 4800, 10, '0857a590-9751-11e3-b885-0026222da8dc', ''),
('0859e0d5-9751-11e3-b885-0026222da8dc', 'barang jenis 2 39', 4900, 10, '0857a590-9751-11e3-b885-0026222da8dc', ''),
('0859e356-9751-11e3-b885-0026222da8dc', 'barang jenis 2 40', 5000, 10, '0857a590-9751-11e3-b885-0026222da8dc', ''),
('0859e3b1-9751-11e3-b885-0026222da8dc', 'barang jenis 2 41', 5100, 10, '0857a590-9751-11e3-b885-0026222da8dc', ''),
('0859e402-9751-11e3-b885-0026222da8dc', 'barang jenis 2 42', 5200, 10, '0857a590-9751-11e3-b885-0026222da8dc', ''),
('0859e455-9751-11e3-b885-0026222da8dc', 'barang jenis 2 43', 5300, 10, '0857a590-9751-11e3-b885-0026222da8dc', ''),
('0859e4a3-9751-11e3-b885-0026222da8dc', 'barang jenis 2 44', 5400, 10, '0857a590-9751-11e3-b885-0026222da8dc', ''),
('0859e4f4-9751-11e3-b885-0026222da8dc', 'barang jenis 2 45', 5500, 10, '0857a590-9751-11e3-b885-0026222da8dc', ''),
('0859e545-9751-11e3-b885-0026222da8dc', 'barang jenis 2 46', 5600, 10, '0857a590-9751-11e3-b885-0026222da8dc', ''),
('0859e597-9751-11e3-b885-0026222da8dc', 'barang jenis 2 47', 5700, 10, '0857a590-9751-11e3-b885-0026222da8dc', ''),
('0859e5e6-9751-11e3-b885-0026222da8dc', 'barang jenis 2 48', 5800, 10, '0857a590-9751-11e3-b885-0026222da8dc', ''),
('0859e636-9751-11e3-b885-0026222da8dc', 'barang jenis 2 49', 5900, 10, '0857a590-9751-11e3-b885-0026222da8dc', ''),
('0859e691-9751-11e3-b885-0026222da8dc', 'barang jenis 2 50', 6000, 10, '0857a590-9751-11e3-b885-0026222da8dc', ''),
('0859e6ef-9751-11e3-b885-0026222da8dc', 'barang jenis 2 51', 6100, 10, '0857a590-9751-11e3-b885-0026222da8dc', ''),
('0859e742-9751-11e3-b885-0026222da8dc', 'barang jenis 2 52', 6200, 10, '0857a590-9751-11e3-b885-0026222da8dc', ''),
('0859e796-9751-11e3-b885-0026222da8dc', 'barang jenis 2 53', 6300, 10, '0857a590-9751-11e3-b885-0026222da8dc', ''),
('0859e7e9-9751-11e3-b885-0026222da8dc', 'barang jenis 2 54', 6400, 10, '0857a590-9751-11e3-b885-0026222da8dc', ''),
('0859e837-9751-11e3-b885-0026222da8dc', 'barang jenis 2 55', 6500, 10, '0857a590-9751-11e3-b885-0026222da8dc', ''),
('0859e8ac-9751-11e3-b885-0026222da8dc', 'barang jenis 2 56', 6600, 10, '0857a590-9751-11e3-b885-0026222da8dc', ''),
('0859e904-9751-11e3-b885-0026222da8dc', 'barang jenis 2 57', 6700, 10, '0857a590-9751-11e3-b885-0026222da8dc', ''),
('0859e955-9751-11e3-b885-0026222da8dc', 'barang jenis 2 58', 6800, 10, '0857a590-9751-11e3-b885-0026222da8dc', ''),
('0859e9a9-9751-11e3-b885-0026222da8dc', 'barang jenis 2 59', 6900, 10, '0857a590-9751-11e3-b885-0026222da8dc', ''),
('0859ea00-9751-11e3-b885-0026222da8dc', 'barang jenis 2 60', 7000, 10, '0857a590-9751-11e3-b885-0026222da8dc', ''),
('0859ea4f-9751-11e3-b885-0026222da8dc', 'barang jenis 2 61', 7100, 10, '0857a590-9751-11e3-b885-0026222da8dc', ''),
('0859eb8c-9751-11e3-b885-0026222da8dc', 'barang jenis 2 62', 7200, 10, '0857a590-9751-11e3-b885-0026222da8dc', ''),
('0859ebdf-9751-11e3-b885-0026222da8dc', 'barang jenis 2 63', 7300, 10, '0857a590-9751-11e3-b885-0026222da8dc', ''),
('0859ec2e-9751-11e3-b885-0026222da8dc', 'barang jenis 2 64', 7400, 10, '0857a590-9751-11e3-b885-0026222da8dc', ''),
('0859eca6-9751-11e3-b885-0026222da8dc', 'barang jenis 2 65', 7500, 10, '0857a590-9751-11e3-b885-0026222da8dc', ''),
('0859ecfd-9751-11e3-b885-0026222da8dc', 'barang jenis 2 66', 7600, 10, '0857a590-9751-11e3-b885-0026222da8dc', ''),
('0859ed4e-9751-11e3-b885-0026222da8dc', 'barang jenis 2 67', 7700, 10, '0857a590-9751-11e3-b885-0026222da8dc', ''),
('0859ed9d-9751-11e3-b885-0026222da8dc', 'barang jenis 2 68', 7800, 10, '0857a590-9751-11e3-b885-0026222da8dc', ''),
('0859edfb-9751-11e3-b885-0026222da8dc', 'barang jenis 2 69', 7900, 10, '0857a590-9751-11e3-b885-0026222da8dc', ''),
('0859ee4c-9751-11e3-b885-0026222da8dc', 'barang jenis 2 70', 8000, 10, '0857a590-9751-11e3-b885-0026222da8dc', ''),
('0859eea2-9751-11e3-b885-0026222da8dc', 'barang jenis 2 71', 8100, 10, '0857a590-9751-11e3-b885-0026222da8dc', ''),
('0859eef1-9751-11e3-b885-0026222da8dc', 'barang jenis 2 72', 8200, 10, '0857a590-9751-11e3-b885-0026222da8dc', ''),
('0859ef40-9751-11e3-b885-0026222da8dc', 'barang jenis 2 73', 8300, 10, '0857a590-9751-11e3-b885-0026222da8dc', ''),
('0859ef91-9751-11e3-b885-0026222da8dc', 'barang jenis 2 74', 8400, 10, '0857a590-9751-11e3-b885-0026222da8dc', ''),
('0859efe8-9751-11e3-b885-0026222da8dc', 'barang jenis 2 75', 8500, 10, '0857a590-9751-11e3-b885-0026222da8dc', ''),
('0859f268-9751-11e3-b885-0026222da8dc', 'barang jenis 2 76', 8600, 10, '0857a590-9751-11e3-b885-0026222da8dc', ''),
('0859f2d1-9751-11e3-b885-0026222da8dc', 'barang jenis 2 77', 8700, 10, '0857a590-9751-11e3-b885-0026222da8dc', ''),
('0859f349-9751-11e3-b885-0026222da8dc', 'barang jenis 2 78', 8800, 10, '0857a590-9751-11e3-b885-0026222da8dc', ''),
('0859f39d-9751-11e3-b885-0026222da8dc', 'barang jenis 2 79', 8900, 10, '0857a590-9751-11e3-b885-0026222da8dc', ''),
('0859f3fb-9751-11e3-b885-0026222da8dc', 'barang jenis 2 80', 9000, 10, '0857a590-9751-11e3-b885-0026222da8dc', ''),
('0859f45a-9751-11e3-b885-0026222da8dc', 'barang jenis 2 81', 9100, 10, '0857a590-9751-11e3-b885-0026222da8dc', ''),
('0859f4b1-9751-11e3-b885-0026222da8dc', 'barang jenis 2 82', 9200, 10, '0857a590-9751-11e3-b885-0026222da8dc', ''),
('0859f501-9751-11e3-b885-0026222da8dc', 'barang jenis 2 83', 9300, 10, '0857a590-9751-11e3-b885-0026222da8dc', ''),
('0859f556-9751-11e3-b885-0026222da8dc', 'barang jenis 2 84', 9400, 10, '0857a590-9751-11e3-b885-0026222da8dc', ''),
('0859f5ac-9751-11e3-b885-0026222da8dc', 'barang jenis 2 85', 9500, 10, '0857a590-9751-11e3-b885-0026222da8dc', ''),
('0859f602-9751-11e3-b885-0026222da8dc', 'barang jenis 2 86', 9600, 10, '0857a590-9751-11e3-b885-0026222da8dc', ''),
('0859f653-9751-11e3-b885-0026222da8dc', 'barang jenis 2 87', 9700, 10, '0857a590-9751-11e3-b885-0026222da8dc', ''),
('0859f6a3-9751-11e3-b885-0026222da8dc', 'barang jenis 2 88', 9800, 10, '0857a590-9751-11e3-b885-0026222da8dc', ''),
('0859f6f9-9751-11e3-b885-0026222da8dc', 'barang jenis 2 89', 9900, 10, '0857a590-9751-11e3-b885-0026222da8dc', ''),
('0859f74f-9751-11e3-b885-0026222da8dc', 'barang jenis 2 90', 10000, 10, '0857a590-9751-11e3-b885-0026222da8dc', ''),
('0859f7a1-9751-11e3-b885-0026222da8dc', 'barang jenis 2 91', 10100, 10, '0857a590-9751-11e3-b885-0026222da8dc', ''),
('0859f802-9751-11e3-b885-0026222da8dc', 'barang jenis 2 92', 10200, 10, '0857a590-9751-11e3-b885-0026222da8dc', ''),
('0859f854-9751-11e3-b885-0026222da8dc', 'barang jenis 2 93', 10300, 10, '0857a590-9751-11e3-b885-0026222da8dc', ''),
('0859f8a7-9751-11e3-b885-0026222da8dc', 'barang jenis 2 94', 10400, 10, '0857a590-9751-11e3-b885-0026222da8dc', ''),
('0859f8fc-9751-11e3-b885-0026222da8dc', 'barang jenis 2 95', 10500, 10, '0857a590-9751-11e3-b885-0026222da8dc', ''),
('0859f94b-9751-11e3-b885-0026222da8dc', 'barang jenis 2 96', 10600, 10, '0857a590-9751-11e3-b885-0026222da8dc', ''),
('0859f99c-9751-11e3-b885-0026222da8dc', 'barang jenis 2 97', 10700, 10, '0857a590-9751-11e3-b885-0026222da8dc', ''),
('0859f9ed-9751-11e3-b885-0026222da8dc', 'barang jenis 2 98', 10800, 10, '0857a590-9751-11e3-b885-0026222da8dc', ''),
('0859fa3d-9751-11e3-b885-0026222da8dc', 'barang jenis 2 99', 10900, 10, '0857a590-9751-11e3-b885-0026222da8dc', ''),
('0859faaa-9751-11e3-b885-0026222da8dc', 'barang jenis 3 0', 1000, 10, '0857a5ef-9751-11e3-b885-0026222da8dc', ''),
('0859fb04-9751-11e3-b885-0026222da8dc', 'barang jenis 3 1', 1100, 10, '0857a5ef-9751-11e3-b885-0026222da8dc', ''),
('0859fb58-9751-11e3-b885-0026222da8dc', 'barang jenis 3 2', 1200, 10, '0857a5ef-9751-11e3-b885-0026222da8dc', ''),
('0859fbac-9751-11e3-b885-0026222da8dc', 'barang jenis 3 3', 1300, 10, '0857a5ef-9751-11e3-b885-0026222da8dc', ''),
('0859fbfa-9751-11e3-b885-0026222da8dc', 'barang jenis 3 4', 1400, 10, '0857a5ef-9751-11e3-b885-0026222da8dc', ''),
('0859fc49-9751-11e3-b885-0026222da8dc', 'barang jenis 3 5', 1500, 10, '0857a5ef-9751-11e3-b885-0026222da8dc', ''),
('0859fc9b-9751-11e3-b885-0026222da8dc', 'barang jenis 3 6', 1600, 10, '0857a5ef-9751-11e3-b885-0026222da8dc', ''),
('0859fce7-9751-11e3-b885-0026222da8dc', 'barang jenis 3 7', 1700, 10, '0857a5ef-9751-11e3-b885-0026222da8dc', ''),
('0859fd35-9751-11e3-b885-0026222da8dc', 'barang jenis 3 8', 1800, 10, '0857a5ef-9751-11e3-b885-0026222da8dc', ''),
('0859fd86-9751-11e3-b885-0026222da8dc', 'barang jenis 3 9', 1900, 10, '0857a5ef-9751-11e3-b885-0026222da8dc', ''),
('0859fdd7-9751-11e3-b885-0026222da8dc', 'barang jenis 3 10', 2000, 10, '0857a5ef-9751-11e3-b885-0026222da8dc', ''),
('0859fe2b-9751-11e3-b885-0026222da8dc', 'barang jenis 3 11', 2100, 10, '0857a5ef-9751-11e3-b885-0026222da8dc', ''),
('085a0106-9751-11e3-b885-0026222da8dc', 'barang jenis 3 12', 2200, 10, '0857a5ef-9751-11e3-b885-0026222da8dc', ''),
('085a0160-9751-11e3-b885-0026222da8dc', 'barang jenis 3 13', 2300, 10, '0857a5ef-9751-11e3-b885-0026222da8dc', ''),
('085a01b3-9751-11e3-b885-0026222da8dc', 'barang jenis 3 14', 2400, 10, '0857a5ef-9751-11e3-b885-0026222da8dc', ''),
('085a0205-9751-11e3-b885-0026222da8dc', 'barang jenis 3 15', 2500, 10, '0857a5ef-9751-11e3-b885-0026222da8dc', ''),
('085a0252-9751-11e3-b885-0026222da8dc', 'barang jenis 3 16', 2600, 10, '0857a5ef-9751-11e3-b885-0026222da8dc', ''),
('085a02a0-9751-11e3-b885-0026222da8dc', 'barang jenis 3 17', 2700, 10, '0857a5ef-9751-11e3-b885-0026222da8dc', ''),
('085a0509-9751-11e3-b885-0026222da8dc', 'barang jenis 3 18', 2800, 10, '0857a5ef-9751-11e3-b885-0026222da8dc', ''),
('085a0596-9751-11e3-b885-0026222da8dc', 'barang jenis 3 19', 2900, 10, '0857a5ef-9751-11e3-b885-0026222da8dc', ''),
('085a05f5-9751-11e3-b885-0026222da8dc', 'barang jenis 3 20', 3000, 10, '0857a5ef-9751-11e3-b885-0026222da8dc', ''),
('085a0673-9751-11e3-b885-0026222da8dc', 'barang jenis 3 21', 3100, 10, '0857a5ef-9751-11e3-b885-0026222da8dc', ''),
('085a06cc-9751-11e3-b885-0026222da8dc', 'barang jenis 3 22', 3200, 10, '0857a5ef-9751-11e3-b885-0026222da8dc', ''),
('085a071d-9751-11e3-b885-0026222da8dc', 'barang jenis 3 23', 3300, 10, '0857a5ef-9751-11e3-b885-0026222da8dc', ''),
('085a0770-9751-11e3-b885-0026222da8dc', 'barang jenis 3 24', 3400, 10, '0857a5ef-9751-11e3-b885-0026222da8dc', ''),
('085a07c7-9751-11e3-b885-0026222da8dc', 'barang jenis 3 25', 3500, 10, '0857a5ef-9751-11e3-b885-0026222da8dc', ''),
('085a0813-9751-11e3-b885-0026222da8dc', 'barang jenis 3 26', 3600, 10, '0857a5ef-9751-11e3-b885-0026222da8dc', ''),
('085a0866-9751-11e3-b885-0026222da8dc', 'barang jenis 3 27', 3700, 10, '0857a5ef-9751-11e3-b885-0026222da8dc', ''),
('085a08b8-9751-11e3-b885-0026222da8dc', 'barang jenis 3 28', 3800, 10, '0857a5ef-9751-11e3-b885-0026222da8dc', ''),
('085a0908-9751-11e3-b885-0026222da8dc', 'barang jenis 3 29', 3900, 10, '0857a5ef-9751-11e3-b885-0026222da8dc', ''),
('085a0957-9751-11e3-b885-0026222da8dc', 'barang jenis 3 30', 4000, 10, '0857a5ef-9751-11e3-b885-0026222da8dc', ''),
('085a09a6-9751-11e3-b885-0026222da8dc', 'barang jenis 3 31', 4100, 10, '0857a5ef-9751-11e3-b885-0026222da8dc', ''),
('085a09f6-9751-11e3-b885-0026222da8dc', 'barang jenis 3 32', 4200, 10, '0857a5ef-9751-11e3-b885-0026222da8dc', ''),
('085a0a47-9751-11e3-b885-0026222da8dc', 'barang jenis 3 33', 4300, 10, '0857a5ef-9751-11e3-b885-0026222da8dc', ''),
('085a0a96-9751-11e3-b885-0026222da8dc', 'barang jenis 3 34', 4400, 10, '0857a5ef-9751-11e3-b885-0026222da8dc', ''),
('085a0ae6-9751-11e3-b885-0026222da8dc', 'barang jenis 3 35', 4500, 10, '0857a5ef-9751-11e3-b885-0026222da8dc', ''),
('085a0b34-9751-11e3-b885-0026222da8dc', 'barang jenis 3 36', 4600, 10, '0857a5ef-9751-11e3-b885-0026222da8dc', ''),
('085a0b84-9751-11e3-b885-0026222da8dc', 'barang jenis 3 37', 4700, 10, '0857a5ef-9751-11e3-b885-0026222da8dc', ''),
('085a0bd6-9751-11e3-b885-0026222da8dc', 'barang jenis 3 38', 4800, 10, '0857a5ef-9751-11e3-b885-0026222da8dc', ''),
('085a0c29-9751-11e3-b885-0026222da8dc', 'barang jenis 3 39', 4900, 10, '0857a5ef-9751-11e3-b885-0026222da8dc', ''),
('085a0c78-9751-11e3-b885-0026222da8dc', 'barang jenis 3 40', 5000, 10, '0857a5ef-9751-11e3-b885-0026222da8dc', ''),
('085a0cd0-9751-11e3-b885-0026222da8dc', 'barang jenis 3 41', 5100, 10, '0857a5ef-9751-11e3-b885-0026222da8dc', ''),
('085a0d1c-9751-11e3-b885-0026222da8dc', 'barang jenis 3 42', 5200, 10, '0857a5ef-9751-11e3-b885-0026222da8dc', ''),
('085a0d8a-9751-11e3-b885-0026222da8dc', 'barang jenis 3 43', 5300, 10, '0857a5ef-9751-11e3-b885-0026222da8dc', ''),
('085a0de1-9751-11e3-b885-0026222da8dc', 'barang jenis 3 44', 5400, 10, '0857a5ef-9751-11e3-b885-0026222da8dc', ''),
('085a0e31-9751-11e3-b885-0026222da8dc', 'barang jenis 3 45', 5500, 10, '0857a5ef-9751-11e3-b885-0026222da8dc', ''),
('085a0e7d-9751-11e3-b885-0026222da8dc', 'barang jenis 3 46', 5600, 10, '0857a5ef-9751-11e3-b885-0026222da8dc', ''),
('085a0ecc-9751-11e3-b885-0026222da8dc', 'barang jenis 3 47', 5700, 10, '0857a5ef-9751-11e3-b885-0026222da8dc', ''),
('085a0f1b-9751-11e3-b885-0026222da8dc', 'barang jenis 3 48', 5800, 10, '0857a5ef-9751-11e3-b885-0026222da8dc', ''),
('085a0f6c-9751-11e3-b885-0026222da8dc', 'barang jenis 3 49', 5900, 10, '0857a5ef-9751-11e3-b885-0026222da8dc', ''),
('085a0fbc-9751-11e3-b885-0026222da8dc', 'barang jenis 3 50', 6000, 10, '0857a5ef-9751-11e3-b885-0026222da8dc', ''),
('085a1009-9751-11e3-b885-0026222da8dc', 'barang jenis 3 51', 6100, 10, '0857a5ef-9751-11e3-b885-0026222da8dc', ''),
('085a1343-9751-11e3-b885-0026222da8dc', 'barang jenis 3 52', 6200, 10, '0857a5ef-9751-11e3-b885-0026222da8dc', ''),
('085a2327-9751-11e3-b885-0026222da8dc', 'barang jenis 3 53', 6300, 10, '0857a5ef-9751-11e3-b885-0026222da8dc', ''),
('085a23b9-9751-11e3-b885-0026222da8dc', 'barang jenis 3 54', 6400, 10, '0857a5ef-9751-11e3-b885-0026222da8dc', ''),
('085a240c-9751-11e3-b885-0026222da8dc', 'barang jenis 3 55', 6500, 10, '0857a5ef-9751-11e3-b885-0026222da8dc', ''),
('085a245f-9751-11e3-b885-0026222da8dc', 'barang jenis 3 56', 6600, 10, '0857a5ef-9751-11e3-b885-0026222da8dc', ''),
('085a24b0-9751-11e3-b885-0026222da8dc', 'barang jenis 3 57', 6700, 10, '0857a5ef-9751-11e3-b885-0026222da8dc', ''),
('085a24fe-9751-11e3-b885-0026222da8dc', 'barang jenis 3 58', 6800, 10, '0857a5ef-9751-11e3-b885-0026222da8dc', ''),
('085a2550-9751-11e3-b885-0026222da8dc', 'barang jenis 3 59', 6900, 10, '0857a5ef-9751-11e3-b885-0026222da8dc', ''),
('085a259d-9751-11e3-b885-0026222da8dc', 'barang jenis 3 60', 7000, 10, '0857a5ef-9751-11e3-b885-0026222da8dc', ''),
('085a25ea-9751-11e3-b885-0026222da8dc', 'barang jenis 3 61', 7100, 10, '0857a5ef-9751-11e3-b885-0026222da8dc', ''),
('085a263e-9751-11e3-b885-0026222da8dc', 'barang jenis 3 62', 7200, 10, '0857a5ef-9751-11e3-b885-0026222da8dc', ''),
('085a2691-9751-11e3-b885-0026222da8dc', 'barang jenis 3 63', 7300, 10, '0857a5ef-9751-11e3-b885-0026222da8dc', ''),
('085a26e8-9751-11e3-b885-0026222da8dc', 'barang jenis 3 64', 7400, 10, '0857a5ef-9751-11e3-b885-0026222da8dc', ''),
('085a3116-9751-11e3-b885-0026222da8dc', 'barang jenis 3 65', 7500, 10, '0857a5ef-9751-11e3-b885-0026222da8dc', ''),
('085a3193-9751-11e3-b885-0026222da8dc', 'barang jenis 3 66', 7600, 10, '0857a5ef-9751-11e3-b885-0026222da8dc', ''),
('085a31e7-9751-11e3-b885-0026222da8dc', 'barang jenis 3 67', 7700, 10, '0857a5ef-9751-11e3-b885-0026222da8dc', ''),
('085a3233-9751-11e3-b885-0026222da8dc', 'barang jenis 3 68', 7800, 10, '0857a5ef-9751-11e3-b885-0026222da8dc', ''),
('085a3286-9751-11e3-b885-0026222da8dc', 'barang jenis 3 69', 7900, 10, '0857a5ef-9751-11e3-b885-0026222da8dc', ''),
('085a32db-9751-11e3-b885-0026222da8dc', 'barang jenis 3 70', 8000, 10, '0857a5ef-9751-11e3-b885-0026222da8dc', ''),
('085a332c-9751-11e3-b885-0026222da8dc', 'barang jenis 3 71', 8100, 10, '0857a5ef-9751-11e3-b885-0026222da8dc', ''),
('085a337c-9751-11e3-b885-0026222da8dc', 'barang jenis 3 72', 8200, 10, '0857a5ef-9751-11e3-b885-0026222da8dc', ''),
('085a33cb-9751-11e3-b885-0026222da8dc', 'barang jenis 3 73', 8300, 10, '0857a5ef-9751-11e3-b885-0026222da8dc', ''),
('085a341c-9751-11e3-b885-0026222da8dc', 'barang jenis 3 74', 8400, 10, '0857a5ef-9751-11e3-b885-0026222da8dc', ''),
('085a346d-9751-11e3-b885-0026222da8dc', 'barang jenis 3 75', 8500, 10, '0857a5ef-9751-11e3-b885-0026222da8dc', ''),
('085a34be-9751-11e3-b885-0026222da8dc', 'barang jenis 3 76', 8600, 10, '0857a5ef-9751-11e3-b885-0026222da8dc', ''),
('085a350f-9751-11e3-b885-0026222da8dc', 'barang jenis 3 77', 8700, 10, '0857a5ef-9751-11e3-b885-0026222da8dc', ''),
('085a3564-9751-11e3-b885-0026222da8dc', 'barang jenis 3 78', 8800, 10, '0857a5ef-9751-11e3-b885-0026222da8dc', ''),
('085a35b3-9751-11e3-b885-0026222da8dc', 'barang jenis 3 79', 8900, 10, '0857a5ef-9751-11e3-b885-0026222da8dc', ''),
('085a3600-9751-11e3-b885-0026222da8dc', 'barang jenis 3 80', 9000, 10, '0857a5ef-9751-11e3-b885-0026222da8dc', ''),
('085a3654-9751-11e3-b885-0026222da8dc', 'barang jenis 3 81', 9100, 10, '0857a5ef-9751-11e3-b885-0026222da8dc', ''),
('085a36a4-9751-11e3-b885-0026222da8dc', 'barang jenis 3 82', 9200, 10, '0857a5ef-9751-11e3-b885-0026222da8dc', ''),
('085a36f5-9751-11e3-b885-0026222da8dc', 'barang jenis 3 83', 9300, 10, '0857a5ef-9751-11e3-b885-0026222da8dc', ''),
('085a3744-9751-11e3-b885-0026222da8dc', 'barang jenis 3 84', 9400, 10, '0857a5ef-9751-11e3-b885-0026222da8dc', ''),
('085a3797-9751-11e3-b885-0026222da8dc', 'barang jenis 3 85', 9500, 10, '0857a5ef-9751-11e3-b885-0026222da8dc', ''),
('085a37e6-9751-11e3-b885-0026222da8dc', 'barang jenis 3 86', 9600, 10, '0857a5ef-9751-11e3-b885-0026222da8dc', ''),
('085a3858-9751-11e3-b885-0026222da8dc', 'barang jenis 3 87', 9700, 10, '0857a5ef-9751-11e3-b885-0026222da8dc', ''),
('085a38ac-9751-11e3-b885-0026222da8dc', 'barang jenis 3 88', 9800, 10, '0857a5ef-9751-11e3-b885-0026222da8dc', ''),
('085a38fd-9751-11e3-b885-0026222da8dc', 'barang jenis 3 89', 9900, 10, '0857a5ef-9751-11e3-b885-0026222da8dc', ''),
('085a3948-9751-11e3-b885-0026222da8dc', 'barang jenis 3 90', 10000, 10, '0857a5ef-9751-11e3-b885-0026222da8dc', ''),
('085a3996-9751-11e3-b885-0026222da8dc', 'barang jenis 3 91', 10100, 10, '0857a5ef-9751-11e3-b885-0026222da8dc', ''),
('085a39e5-9751-11e3-b885-0026222da8dc', 'barang jenis 3 92', 10200, 10, '0857a5ef-9751-11e3-b885-0026222da8dc', ''),
('085a3a35-9751-11e3-b885-0026222da8dc', 'barang jenis 3 93', 10300, 10, '0857a5ef-9751-11e3-b885-0026222da8dc', ''),
('085a3a83-9751-11e3-b885-0026222da8dc', 'barang jenis 3 94', 10400, 10, '0857a5ef-9751-11e3-b885-0026222da8dc', ''),
('085a3ad2-9751-11e3-b885-0026222da8dc', 'barang jenis 3 95', 10500, 10, '0857a5ef-9751-11e3-b885-0026222da8dc', ''),
('085a3b20-9751-11e3-b885-0026222da8dc', 'barang jenis 3 96', 10600, 10, '0857a5ef-9751-11e3-b885-0026222da8dc', ''),
('085a3e60-9751-11e3-b885-0026222da8dc', 'barang jenis 3 97', 10700, 10, '0857a5ef-9751-11e3-b885-0026222da8dc', ''),
('085a3ebc-9751-11e3-b885-0026222da8dc', 'barang jenis 3 98', 10800, 10, '0857a5ef-9751-11e3-b885-0026222da8dc', ''),
('085a3f0b-9751-11e3-b885-0026222da8dc', 'barang jenis 3 99', 10900, 10, '0857a5ef-9751-11e3-b885-0026222da8dc', ''),
('085a3f5a-9751-11e3-b885-0026222da8dc', 'barang jenis 4 0', 1000, 10, '0857a640-9751-11e3-b885-0026222da8dc', ''),
('085a3fae-9751-11e3-b885-0026222da8dc', 'barang jenis 4 1', 1100, 10, '0857a640-9751-11e3-b885-0026222da8dc', ''),
('085a3ffe-9751-11e3-b885-0026222da8dc', 'barang jenis 4 2', 1200, 10, '0857a640-9751-11e3-b885-0026222da8dc', ''),
('085a404d-9751-11e3-b885-0026222da8dc', 'barang jenis 4 3', 1300, 10, '0857a640-9751-11e3-b885-0026222da8dc', ''),
('085a409c-9751-11e3-b885-0026222da8dc', 'barang jenis 4 4', 1400, 10, '0857a640-9751-11e3-b885-0026222da8dc', ''),
('085a40eb-9751-11e3-b885-0026222da8dc', 'barang jenis 4 5', 1500, 10, '0857a640-9751-11e3-b885-0026222da8dc', ''),
('085a413e-9751-11e3-b885-0026222da8dc', 'barang jenis 4 6', 1600, 10, '0857a640-9751-11e3-b885-0026222da8dc', ''),
('085a4196-9751-11e3-b885-0026222da8dc', 'barang jenis 4 7', 1700, 10, '0857a640-9751-11e3-b885-0026222da8dc', ''),
('085a41e5-9751-11e3-b885-0026222da8dc', 'barang jenis 4 8', 1800, 10, '0857a640-9751-11e3-b885-0026222da8dc', ''),
('085a425c-9751-11e3-b885-0026222da8dc', 'barang jenis 4 9', 1900, 10, '0857a640-9751-11e3-b885-0026222da8dc', ''),
('085a42ae-9751-11e3-b885-0026222da8dc', 'barang jenis 4 10', 2000, 10, '0857a640-9751-11e3-b885-0026222da8dc', ''),
('085a42ff-9751-11e3-b885-0026222da8dc', 'barang jenis 4 11', 2100, 10, '0857a640-9751-11e3-b885-0026222da8dc', ''),
('085a434d-9751-11e3-b885-0026222da8dc', 'barang jenis 4 12', 2200, 10, '0857a640-9751-11e3-b885-0026222da8dc', ''),
('085a439d-9751-11e3-b885-0026222da8dc', 'barang jenis 4 13', 2300, 10, '0857a640-9751-11e3-b885-0026222da8dc', ''),
('085a43ee-9751-11e3-b885-0026222da8dc', 'barang jenis 4 14', 2400, 10, '0857a640-9751-11e3-b885-0026222da8dc', ''),
('085a443d-9751-11e3-b885-0026222da8dc', 'barang jenis 4 15', 2500, 10, '0857a640-9751-11e3-b885-0026222da8dc', ''),
('085a4489-9751-11e3-b885-0026222da8dc', 'barang jenis 4 16', 2600, 10, '0857a640-9751-11e3-b885-0026222da8dc', ''),
('085a44d8-9751-11e3-b885-0026222da8dc', 'barang jenis 4 17', 2700, 10, '0857a640-9751-11e3-b885-0026222da8dc', ''),
('085a4525-9751-11e3-b885-0026222da8dc', 'barang jenis 4 18', 2800, 10, '0857a640-9751-11e3-b885-0026222da8dc', ''),
('085a4574-9751-11e3-b885-0026222da8dc', 'barang jenis 4 19', 2900, 10, '0857a640-9751-11e3-b885-0026222da8dc', ''),
('085a45c4-9751-11e3-b885-0026222da8dc', 'barang jenis 4 20', 3000, 10, '0857a640-9751-11e3-b885-0026222da8dc', ''),
('085a4611-9751-11e3-b885-0026222da8dc', 'barang jenis 4 21', 3100, 10, '0857a640-9751-11e3-b885-0026222da8dc', ''),
('085a4663-9751-11e3-b885-0026222da8dc', 'barang jenis 4 22', 3200, 10, '0857a640-9751-11e3-b885-0026222da8dc', ''),
('085a46b0-9751-11e3-b885-0026222da8dc', 'barang jenis 4 23', 3300, 10, '0857a640-9751-11e3-b885-0026222da8dc', ''),
('085a46ff-9751-11e3-b885-0026222da8dc', 'barang jenis 4 24', 3400, 10, '0857a640-9751-11e3-b885-0026222da8dc', ''),
('085a4752-9751-11e3-b885-0026222da8dc', 'barang jenis 4 25', 3500, 10, '0857a640-9751-11e3-b885-0026222da8dc', ''),
('085a47a0-9751-11e3-b885-0026222da8dc', 'barang jenis 4 26', 3600, 10, '0857a640-9751-11e3-b885-0026222da8dc', ''),
('085a47ee-9751-11e3-b885-0026222da8dc', 'barang jenis 4 27', 3700, 10, '0857a640-9751-11e3-b885-0026222da8dc', ''),
('085a483f-9751-11e3-b885-0026222da8dc', 'barang jenis 4 28', 3800, 10, '0857a640-9751-11e3-b885-0026222da8dc', ''),
('085a488f-9751-11e3-b885-0026222da8dc', 'barang jenis 4 29', 3900, 10, '0857a640-9751-11e3-b885-0026222da8dc', ''),
('085a48dd-9751-11e3-b885-0026222da8dc', 'barang jenis 4 30', 4000, 10, '0857a640-9751-11e3-b885-0026222da8dc', ''),
('085a494c-9751-11e3-b885-0026222da8dc', 'barang jenis 4 31', 4100, 10, '0857a640-9751-11e3-b885-0026222da8dc', ''),
('085a499f-9751-11e3-b885-0026222da8dc', 'barang jenis 4 32', 4200, 10, '0857a640-9751-11e3-b885-0026222da8dc', '');
INSERT INTO `barang_koleksi` (`sid`, `nama_barang`, `harga`, `stock`, `barang_jenis`, `gambar`) VALUES
('085a49f0-9751-11e3-b885-0026222da8dc', 'barang jenis 4 33', 4300, 10, '0857a640-9751-11e3-b885-0026222da8dc', ''),
('085a4a3e-9751-11e3-b885-0026222da8dc', 'barang jenis 4 34', 4400, 10, '0857a640-9751-11e3-b885-0026222da8dc', ''),
('085a4a8d-9751-11e3-b885-0026222da8dc', 'barang jenis 4 35', 4500, 10, '0857a640-9751-11e3-b885-0026222da8dc', ''),
('085a4adc-9751-11e3-b885-0026222da8dc', 'barang jenis 4 36', 4600, 10, '0857a640-9751-11e3-b885-0026222da8dc', ''),
('085a4b2c-9751-11e3-b885-0026222da8dc', 'barang jenis 4 37', 4700, 10, '0857a640-9751-11e3-b885-0026222da8dc', ''),
('085a4e5c-9751-11e3-b885-0026222da8dc', 'barang jenis 4 38', 4800, 10, '0857a640-9751-11e3-b885-0026222da8dc', ''),
('085a4eb6-9751-11e3-b885-0026222da8dc', 'barang jenis 4 39', 4900, 10, '0857a640-9751-11e3-b885-0026222da8dc', ''),
('085a4f08-9751-11e3-b885-0026222da8dc', 'barang jenis 4 40', 5000, 10, '0857a640-9751-11e3-b885-0026222da8dc', ''),
('085a4f5c-9751-11e3-b885-0026222da8dc', 'barang jenis 4 41', 5100, 10, '0857a640-9751-11e3-b885-0026222da8dc', ''),
('085a4fad-9751-11e3-b885-0026222da8dc', 'barang jenis 4 42', 5200, 10, '0857a640-9751-11e3-b885-0026222da8dc', ''),
('085a4ffb-9751-11e3-b885-0026222da8dc', 'barang jenis 4 43', 5300, 10, '0857a640-9751-11e3-b885-0026222da8dc', ''),
('085a5047-9751-11e3-b885-0026222da8dc', 'barang jenis 4 44', 5400, 10, '0857a640-9751-11e3-b885-0026222da8dc', ''),
('085a526a-9751-11e3-b885-0026222da8dc', 'barang jenis 4 45', 5500, 10, '0857a640-9751-11e3-b885-0026222da8dc', ''),
('085a5302-9751-11e3-b885-0026222da8dc', 'barang jenis 4 46', 5600, 10, '0857a640-9751-11e3-b885-0026222da8dc', ''),
('085a5364-9751-11e3-b885-0026222da8dc', 'barang jenis 4 47', 5700, 10, '0857a640-9751-11e3-b885-0026222da8dc', ''),
('085a53bf-9751-11e3-b885-0026222da8dc', 'barang jenis 4 48', 5800, 10, '0857a640-9751-11e3-b885-0026222da8dc', ''),
('085a5411-9751-11e3-b885-0026222da8dc', 'barang jenis 4 49', 5900, 10, '0857a640-9751-11e3-b885-0026222da8dc', ''),
('085a5460-9751-11e3-b885-0026222da8dc', 'barang jenis 4 50', 6000, 10, '0857a640-9751-11e3-b885-0026222da8dc', ''),
('085a54ad-9751-11e3-b885-0026222da8dc', 'barang jenis 4 51', 6100, 10, '0857a640-9751-11e3-b885-0026222da8dc', ''),
('085a5526-9751-11e3-b885-0026222da8dc', 'barang jenis 4 52', 6200, 10, '0857a640-9751-11e3-b885-0026222da8dc', ''),
('085a557b-9751-11e3-b885-0026222da8dc', 'barang jenis 4 53', 6300, 10, '0857a640-9751-11e3-b885-0026222da8dc', ''),
('085a55cb-9751-11e3-b885-0026222da8dc', 'barang jenis 4 54', 6400, 10, '0857a640-9751-11e3-b885-0026222da8dc', ''),
('085a561b-9751-11e3-b885-0026222da8dc', 'barang jenis 4 55', 6500, 10, '0857a640-9751-11e3-b885-0026222da8dc', ''),
('085a566c-9751-11e3-b885-0026222da8dc', 'barang jenis 4 56', 6600, 10, '0857a640-9751-11e3-b885-0026222da8dc', ''),
('085a56bd-9751-11e3-b885-0026222da8dc', 'barang jenis 4 57', 6700, 10, '0857a640-9751-11e3-b885-0026222da8dc', ''),
('085a570e-9751-11e3-b885-0026222da8dc', 'barang jenis 4 58', 6800, 10, '0857a640-9751-11e3-b885-0026222da8dc', ''),
('085a575e-9751-11e3-b885-0026222da8dc', 'barang jenis 4 59', 6900, 10, '0857a640-9751-11e3-b885-0026222da8dc', ''),
('085a57ad-9751-11e3-b885-0026222da8dc', 'barang jenis 4 60', 7000, 10, '0857a640-9751-11e3-b885-0026222da8dc', ''),
('085a57fb-9751-11e3-b885-0026222da8dc', 'barang jenis 4 61', 7100, 10, '0857a640-9751-11e3-b885-0026222da8dc', ''),
('085a584a-9751-11e3-b885-0026222da8dc', 'barang jenis 4 62', 7200, 10, '0857a640-9751-11e3-b885-0026222da8dc', ''),
('085a589a-9751-11e3-b885-0026222da8dc', 'barang jenis 4 63', 7300, 10, '0857a640-9751-11e3-b885-0026222da8dc', ''),
('085a58e8-9751-11e3-b885-0026222da8dc', 'barang jenis 4 64', 7400, 10, '0857a640-9751-11e3-b885-0026222da8dc', ''),
('085a5937-9751-11e3-b885-0026222da8dc', 'barang jenis 4 65', 7500, 10, '0857a640-9751-11e3-b885-0026222da8dc', ''),
('085a5984-9751-11e3-b885-0026222da8dc', 'barang jenis 4 66', 7600, 10, '0857a640-9751-11e3-b885-0026222da8dc', ''),
('085a59d4-9751-11e3-b885-0026222da8dc', 'barang jenis 4 67', 7700, 10, '0857a640-9751-11e3-b885-0026222da8dc', ''),
('085a5a23-9751-11e3-b885-0026222da8dc', 'barang jenis 4 68', 7800, 10, '0857a640-9751-11e3-b885-0026222da8dc', ''),
('085a5a72-9751-11e3-b885-0026222da8dc', 'barang jenis 4 69', 7900, 10, '0857a640-9751-11e3-b885-0026222da8dc', ''),
('085a5ac1-9751-11e3-b885-0026222da8dc', 'barang jenis 4 70', 8000, 10, '0857a640-9751-11e3-b885-0026222da8dc', ''),
('085a5b12-9751-11e3-b885-0026222da8dc', 'barang jenis 4 71', 8100, 10, '0857a640-9751-11e3-b885-0026222da8dc', ''),
('085a5b65-9751-11e3-b885-0026222da8dc', 'barang jenis 4 72', 8200, 10, '0857a640-9751-11e3-b885-0026222da8dc', ''),
('085a5bb2-9751-11e3-b885-0026222da8dc', 'barang jenis 4 73', 8300, 10, '0857a640-9751-11e3-b885-0026222da8dc', ''),
('085a5c25-9751-11e3-b885-0026222da8dc', 'barang jenis 4 74', 8400, 10, '0857a640-9751-11e3-b885-0026222da8dc', ''),
('085a5c7b-9751-11e3-b885-0026222da8dc', 'barang jenis 4 75', 8500, 10, '0857a640-9751-11e3-b885-0026222da8dc', ''),
('085a5ccb-9751-11e3-b885-0026222da8dc', 'barang jenis 4 76', 8600, 10, '0857a640-9751-11e3-b885-0026222da8dc', ''),
('085a5d1a-9751-11e3-b885-0026222da8dc', 'barang jenis 4 77', 8700, 10, '0857a640-9751-11e3-b885-0026222da8dc', ''),
('085a5d68-9751-11e3-b885-0026222da8dc', 'barang jenis 4 78', 8800, 10, '0857a640-9751-11e3-b885-0026222da8dc', ''),
('085a5db6-9751-11e3-b885-0026222da8dc', 'barang jenis 4 79', 8900, 10, '0857a640-9751-11e3-b885-0026222da8dc', ''),
('085a5e08-9751-11e3-b885-0026222da8dc', 'barang jenis 4 80', 9000, 10, '0857a640-9751-11e3-b885-0026222da8dc', ''),
('085a5e57-9751-11e3-b885-0026222da8dc', 'barang jenis 4 81', 9100, 10, '0857a640-9751-11e3-b885-0026222da8dc', ''),
('085a5ea9-9751-11e3-b885-0026222da8dc', 'barang jenis 4 82', 9200, 10, '0857a640-9751-11e3-b885-0026222da8dc', ''),
('085a6286-9751-11e3-b885-0026222da8dc', 'barang jenis 4 83', 9300, 10, '0857a640-9751-11e3-b885-0026222da8dc', ''),
('085a62e1-9751-11e3-b885-0026222da8dc', 'barang jenis 4 84', 9400, 10, '0857a640-9751-11e3-b885-0026222da8dc', ''),
('085a6334-9751-11e3-b885-0026222da8dc', 'barang jenis 4 85', 9500, 10, '0857a640-9751-11e3-b885-0026222da8dc', ''),
('085a6382-9751-11e3-b885-0026222da8dc', 'barang jenis 4 86', 9600, 10, '0857a640-9751-11e3-b885-0026222da8dc', ''),
('085a63d3-9751-11e3-b885-0026222da8dc', 'barang jenis 4 87', 9700, 10, '0857a640-9751-11e3-b885-0026222da8dc', ''),
('085a6425-9751-11e3-b885-0026222da8dc', 'barang jenis 4 88', 9800, 10, '0857a640-9751-11e3-b885-0026222da8dc', ''),
('085a6473-9751-11e3-b885-0026222da8dc', 'barang jenis 4 89', 9900, 10, '0857a640-9751-11e3-b885-0026222da8dc', ''),
('085a64c4-9751-11e3-b885-0026222da8dc', 'barang jenis 4 90', 10000, 10, '0857a640-9751-11e3-b885-0026222da8dc', ''),
('085a6513-9751-11e3-b885-0026222da8dc', 'barang jenis 4 91', 10100, 10, '0857a640-9751-11e3-b885-0026222da8dc', ''),
('085a6562-9751-11e3-b885-0026222da8dc', 'barang jenis 4 92', 10200, 10, '0857a640-9751-11e3-b885-0026222da8dc', ''),
('085a65b1-9751-11e3-b885-0026222da8dc', 'barang jenis 4 93', 10300, 10, '0857a640-9751-11e3-b885-0026222da8dc', ''),
('085a65ff-9751-11e3-b885-0026222da8dc', 'barang jenis 4 94', 10400, 10, '0857a640-9751-11e3-b885-0026222da8dc', ''),
('085a664e-9751-11e3-b885-0026222da8dc', 'barang jenis 4 95', 10500, 10, '0857a640-9751-11e3-b885-0026222da8dc', ''),
('085a66c5-9751-11e3-b885-0026222da8dc', 'barang jenis 4 96', 10600, 10, '0857a640-9751-11e3-b885-0026222da8dc', ''),
('085a6717-9751-11e3-b885-0026222da8dc', 'barang jenis 4 97', 10700, 10, '0857a640-9751-11e3-b885-0026222da8dc', ''),
('085a6768-9751-11e3-b885-0026222da8dc', 'barang jenis 4 98', 10800, 10, '0857a640-9751-11e3-b885-0026222da8dc', ''),
('085a67b5-9751-11e3-b885-0026222da8dc', 'barang jenis 4 99', 10900, 10, '0857a640-9751-11e3-b885-0026222da8dc', '');

--
-- Truncate table before insert `forget_password`
--

TRUNCATE TABLE `forget_password`;
--
-- Truncate table before insert `login`
--

TRUNCATE TABLE `login`;
--
-- Dumping data for table `login`
--

INSERT INTO `login` (`sid`, `username`, `password`) VALUES
('8d731e38-87d3-11e3-8ba2-e89a8fb9e2bc', 'kami', 'dadah'),
('cf200e07-8d87-11e3-98fa-e89a8fb9e2bc', 'kami', 'fa'),
('e4a5d9ce-8d88-11e3-98fa-e89a8fb9e2bc', 'kami', 'dada'),
('fce77edd-8d99-11e3-98fa-e89a8fb9e2bc', 'kami', 'fafa'),
('930f83eb-916f-11e3-bca6-0026222da8dc', 'kami', 'dadah'),
('e502f438-916f-11e3-bca6-0026222da8dc', 'kami', 'dadah'),
('ebb54679-916f-11e3-bca6-0026222da8dc', 'kami', 'dadah'),
('32b93258-9173-11e3-bca6-0026222da8dc', 'kami', 'dadah'),
('7894a2d1-9174-11e3-bca6-0026222da8dc', 'kami', 'dadah'),
('8c698bab-9174-11e3-bca6-0026222da8dc', 'kami', 'asdaf');

--
-- Truncate table before insert `pelanggan`
--

TRUNCATE TABLE `pelanggan`;
--
-- Truncate table before insert `pemesanan`
--

TRUNCATE TABLE `pemesanan`;
--
-- Dumping data for table `pemesanan`
--

INSERT INTO `pemesanan` (`sid`, `tanggal`, `jam`, `status_bayar`, `total_harga`, `register`, `total_pembayaran`, `status_kirim`, `keterangan_pembayaran`) VALUES
('60cc4c98-9751-11e3-b885-0026222da8dc', '2014-02-17', '00:00:00', 1, 0, '6ff7d2b8-8790-11e3-bda0-582c80139263', 0, 0, 'qqq');

--
-- Truncate table before insert `pemesanan_detail`
--

TRUNCATE TABLE `pemesanan_detail`;
--
-- Dumping data for table `pemesanan_detail`
--

INSERT INTO `pemesanan_detail` (`sid`, `pemesanan`, `barang_koleksi`, `jumlah`) VALUES
('60ccc6e2-9751-11e3-b885-0026222da8dc', '60cc4c98-9751-11e3-b885-0026222da8dc', '08588f93-9751-11e3-b885-0026222da8dc', 3),
('60ccdb68-9751-11e3-b885-0026222da8dc', '60cc4c98-9751-11e3-b885-0026222da8dc', '085a4489-9751-11e3-b885-0026222da8dc', 5);

--
-- Truncate table before insert `register`
--

TRUNCATE TABLE `register`;
--
-- Dumping data for table `register`
--

INSERT INTO `register` (`sid`, `username`, `email`, `password`, `confirm password`, `alamat`, `no_telpon`, `keterangan`) VALUES
('6ff7d2b8-8790-11e3-bda0-582c80139263', 'kami', 'azhamcool@yahoo.com', 'dadah', 'dadah1', 'aaaaaaaaaaaaa', '+6281918211444', 'ddddddddd');
SET FOREIGN_KEY_CHECKS=1;

/*!40101 SET CHARACTER_SET_CLIENT=@OLD_CHARACTER_SET_CLIENT */;
/*!40101 SET CHARACTER_SET_RESULTS=@OLD_CHARACTER_SET_RESULTS */;
/*!40101 SET COLLATION_CONNECTION=@OLD_COLLATION_CONNECTION */;